<?xml version="1.0" encoding="UTF-8"?>
<metadata xml:lang="en"><Esri><CreaDate>20180711</CreaDate><CreaTime>15190800</CreaTime><ArcGISFormat>1.0</ArcGISFormat><SyncOnce>TRUE</SyncOnce><DataProperties><itemProps><itemLocation><linkage Sync="TRUE">file://\\PC-SERMIX\C$\Users\TOSHIBA\Downloads\urbaniza4\urbaniza.jpg</linkage><protocol Sync="TRUE">Local Area Network</protocol></itemLocation></itemProps><copyHistory><copy source="C:\Users\TOSHIBA\Downloads\urbaniza4\img\urbaniza.jpg" dest="\\PC-SERMIX\C$\Users\TOSHIBA\Downloads\urbaniza4\urbaniza.jpg" date="20180711" time="15190800"></copy></copyHistory></DataProperties></Esri></metadata>
